product_name,week_of_year,product_category,product_type,total_qty,total_revenue,avg_price,min_price,max_price,n_transactions,log_qty,log_price,price_range
Almond Croissant,1,Bakery,Pastry,38,142.5,3.75,3.75,3.75,37,3.6635616461296463,1.3217561066489505,0.0
Almond Croissant,2,Bakery,Pastry,57,213.75,3.75,3.75,3.75,57,4.060443010546419,1.3217561066489505,0.0
Almond Croissant,3,Bakery,Pastry,55,206.25,3.75,3.75,3.75,55,4.02535169073515,1.3217561066489505,0.0
Almond Croissant,4,Bakery,Pastry,55,206.25,3.75,3.75,3.75,55,4.02535169073515,1.3217561066489505,0.0
Almond Croissant,5,Bakery,Pastry,45,168.75,3.75,3.75,3.75,45,3.828641396489095,1.3217561066489505,0.0
Almond Croissant,6,Bakery,Pastry,44,165.0,3.75,3.75,3.75,43,3.8066624897703196,1.3217561066489505,0.0
Almond Croissant,7,Bakery,Pastry,53,198.75,3.75,3.75,3.75,53,3.9889840465642745,1.3217561066489505,0.0
Almond Croissant,8,Bakery,Pastry,57,213.75,3.75,3.75,3.75,57,4.060443010546419,1.3217561066489505,0.0
Almond Croissant,9,Bakery,Pastry,60,225.0,3.75,3.75,3.75,60,4.110873864173311,1.3217561066489505,0.0
Almond Croissant,10,Bakery,Pastry,50,187.5,3.75,3.75,3.75,49,3.9318256327243257,1.3217561066489505,0.0
Almond Croissant,11,Bakery,Pastry,61,228.75,3.75,3.75,3.75,61,4.127134385045092,1.3217561066489505,0.0
Almond Croissant,12,Bakery,Pastry,66,247.5,3.75,3.75,3.75,66,4.204692619390966,1.3217561066489505,0.0
Almond Croissant,13,Bakery,Pastry,66,247.5,3.75,3.75,3.75,66,4.204692619390966,1.3217561066489505,0.0
Almond Croissant,14,Bakery,Pastry,59,221.25,3.75,3.75,3.75,58,4.0943445622221,1.3217561066489505,0.0
Almond Croissant,15,Bakery,Pastry,92,345.0,3.75,3.75,3.75,92,4.532599493153256,1.3217561066489505,0.0
Almond Croissant,16,Bakery,Pastry,89,333.75,3.75,3.75,3.75,89,4.499809670330265,1.3217561066489505,0.0
Almond Croissant,17,Bakery,Pastry,66,247.5,3.75,3.75,3.75,66,4.204692619390966,1.3217561066489505,0.0
Almond Croissant,18,Bakery,Pastry,103,386.25,3.75,3.75,3.75,103,4.6443908991413725,1.3217561066489505,0.0
Almond Croissant,19,Bakery,Pastry,87,327.19,3.7609302325581395,3.75,4.69,86,4.477336814478207,1.3246665949706369,0.9400000000000004
Almond Croissant,20,Bakery,Pastry,109,408.75,3.75,3.75,3.75,109,4.700480365792417,1.3217561066489505,0.0
Almond Croissant,21,Bakery,Pastry,98,367.5,3.75,3.75,3.75,98,4.59511985013459,1.3217561066489505,0.0
Almond Croissant,22,Bakery,Pastry,103,386.25,3.75,3.75,3.75,103,4.6443908991413725,1.3217561066489505,0.0
Almond Croissant,23,Bakery,Pastry,98,368.44,3.759894736842105,3.75,4.69,95,4.59511985013459,1.324391227454062,0.9400000000000004
Almond Croissant,24,Bakery,Pastry,124,465.0,3.75,3.75,3.75,124,4.8283137373023015,1.3217561066489505,0.0
Almond Croissant,25,Bakery,Pastry,107,401.25,3.75,3.75,3.75,107,4.68213122712422,1.3217561066489505,0.0
Almond Croissant,26,Bakery,Pastry,67,251.25,3.75,3.75,3.75,67,4.219507705176107,1.3217561066489505,0.0
Almond Croissant,52,Bakery,Pastry,2,7.5,3.75,3.75,3.75,2,1.0986122886681098,1.3217561066489505,0.0
Chocolate Chip Biscotti,1,Bakery,Biscotti,45,157.5,3.5,3.5,3.5,42,3.828641396489095,1.252763254209613,0.0
Chocolate Chip Biscotti,2,Bakery,Biscotti,53,188.14,3.5507692307692307,3.5,4.38,52,3.9889840465642745,1.267164546367384,0.8799999999999999
Chocolate Chip Biscotti,3,Bakery,Biscotti,49,171.5,3.5,3.5,3.5,49,3.912023005428146,1.252763254209613,0.0
Chocolate Chip Biscotti,4,Bakery,Biscotti,47,164.5,3.5,3.5,3.5,47,3.871201010907891,1.252763254209613,0.0
Chocolate Chip Biscotti,5,Bakery,Biscotti,45,158.38,3.5195555555555553,3.5,4.38,45,3.828641396489095,1.25833500313869,0.8799999999999999
Chocolate Chip Biscotti,6,Bakery,Biscotti,55,194.26,3.5345098039215683,3.5,4.38,51,4.02535169073515,1.2625749033285623,0.8799999999999999
Chocolate Chip Biscotti,7,Bakery,Biscotti,64,224.0,3.5,3.5,3.5,64,4.174387269895637,1.252763254209613,0.0
Chocolate Chip Biscotti,8,Bakery,Biscotti,59,206.5,3.5,3.5,3.5,59,4.0943445622221,1.252763254209613,0.0
Chocolate Chip Biscotti,9,Bakery,Biscotti,43,150.5,3.5,3.5,3.5,43,3.784189633918261,1.252763254209613,0.0
Chocolate Chip Biscotti,10,Bakery,Biscotti,60,210.88,3.516,3.5,4.38,55,4.110873864173311,1.257324264236997,0.8799999999999999
Chocolate Chip Biscotti,11,Bakery,Biscotti,79,276.5,3.5,3.5,3.5,79,4.382026634673881,1.252763254209613,0.0
Chocolate Chip Biscotti,12,Bakery,Biscotti,58,203.0,3.5,3.5,3.5,58,4.07753744390572,1.252763254209613,0.0
Chocolate Chip Biscotti,13,Bakery,Biscotti,65,228.38,3.5135384615384613,3.5,4.38,65,4.189654742026425,1.256623922991188,0.8799999999999999
Chocolate Chip Biscotti,14,Bakery,Biscotti,67,235.38,3.5144262295081967,3.5,4.38,61,4.219507705176107,1.25687656163149,0.8799999999999999
Chocolate Chip Biscotti,15,Bakery,Biscotti,88,308.0,3.5,3.5,3.5,88,4.48863636973214,1.252763254209613,0.0
Chocolate Chip Biscotti,16,Bakery,Biscotti,79,276.5,3.5,3.5,3.5,79,4.382026634673881,1.252763254209613,0.0
Chocolate Chip Biscotti,17,Bakery,Biscotti,70,245.0,3.5,3.5,3.5,70,4.2626798770413155,1.252763254209613,0.0
Chocolate Chip Biscotti,18,Bakery,Biscotti,90,315.0,3.5,3.5,3.5,90,4.51085950651685,1.252763254209613,0.0
Chocolate Chip Biscotti,19,Bakery,Biscotti,112,395.52,3.5335238095238095,3.5,4.38,105,4.727387818712341,1.2622959023562754,0.8799999999999999
Chocolate Chip Biscotti,20,Bakery,Biscotti,110,385.0,3.5,3.5,3.5,110,4.709530201312334,1.252763254209613,0.0
Chocolate Chip Biscotti,21,Bakery,Biscotti,86,301.0,3.5,3.5,3.5,86,4.465908118654584,1.252763254209613,0.0
Chocolate Chip Biscotti,22,Bakery,Biscotti,85,298.38,3.5103529411764707,3.5,4.38,85,4.454347296253507,1.2557168703359853,0.8799999999999999
Chocolate Chip Biscotti,23,Bakery,Biscotti,101,356.14,3.5277894736842104,3.5,4.38,95,4.624972813284271,1.260671746835624,0.8799999999999999
Chocolate Chip Biscotti,24,Bakery,Biscotti,119,416.5,3.5,3.5,3.5,119,4.787491742782046,1.252763254209613,0.0
Chocolate Chip Biscotti,25,Bakery,Biscotti,109,381.5,3.5,3.5,3.5,109,4.700480365792417,1.252763254209613,0.0
Chocolate Chip Biscotti,26,Bakery,Biscotti,79,276.5,3.5,3.5,3.5,78,4.382026634673881,1.252763254209613,0.0
Chocolate Chip Biscotti,52,Bakery,Biscotti,7,24.5,3.5,3.5,3.5,7,2.0794415416798357,1.252763254209613,0.0
Chocolate Croissant,1,Bakery,Pastry,84,315.0,3.75,3.75,3.75,81,4.442651256490317,1.3217561066489505,0.0
Chocolate Croissant,2,Bakery,Pastry,110,413.44,3.7585454545454544,3.75,4.69,110,4.709530201312334,1.3240323014221023,0.9400000000000004
Chocolate Croissant,3,Bakery,Pastry,69,258.75,3.75,3.75,3.75,69,4.248495242049359,1.3217561066489505,0.0
Chocolate Croissant,4,Bakery,Pastry,57,213.75,3.75,3.75,3.75,57,4.060443010546419,1.3217561066489505,0.0
Chocolate Croissant,5,Bakery,Pastry,82,307.5,3.75,3.75,3.75,82,4.418840607796598,1.3217561066489505,0.0
Chocolate Croissant,6,Bakery,Pastry,99,373.13,3.7691836734693878,3.75,4.69,98,4.605170185988092,1.3268587110865957,0.9400000000000004
Chocolate Croissant,7,Bakery,Pastry,81,303.75,3.75,3.75,3.75,81,4.406719247264253,1.3217561066489505,0.0
Chocolate Croissant,8,Bakery,Pastry,76,285.0,3.75,3.75,3.75,76,4.343805421853684,1.3217561066489505,0.0
Chocolate Croissant,9,Bakery,Pastry,81,303.75,3.75,3.75,3.75,81,4.406719247264253,1.3217561066489505,0.0
Chocolate Croissant,10,Bakery,Pastry,138,520.32,3.770888888888889,3.75,4.69,135,4.9344739331306915,1.327311018403843,0.9400000000000004
Chocolate Croissant,11,Bakery,Pastry,107,401.25,3.75,3.75,3.75,107,4.68213122712422,1.3217561066489505,0.0
Chocolate Croissant,12,Bakery,Pastry,96,360.0,3.75,3.75,3.75,96,4.574710978503383,1.3217561066489505,0.0
Chocolate Croissant,13,Bakery,Pastry,86,322.5,3.75,3.75,3.75,86,4.465908118654584,1.3217561066489505,0.0
Chocolate Croissant,14,Bakery,Pastry,136,513.76,3.778702290076336,3.75,4.69,131,4.919980925828125,1.329380905824766,0.9400000000000004
Chocolate Croissant,15,Bakery,Pastry,167,626.25,3.75,3.75,3.75,167,5.123963979403259,1.3217561066489505,0.0
Chocolate Croissant,16,Bakery,Pastry,96,360.0,3.75,3.75,3.75,96,4.574710978503383,1.3217561066489505,0.0
Chocolate Croissant,17,Bakery,Pastry,97,363.75,3.75,3.75,3.75,97,4.584967478670572,1.3217561066489505,0.0
Chocolate Croissant,18,Bakery,Pastry,131,491.25,3.75,3.75,3.75,131,4.882801922586371,1.3217561066489505,0.0
Chocolate Croissant,19,Bakery,Pastry,235,883.13,3.758103448275862,3.75,4.69,232,5.4638318050256105,1.3239146941856306,0.9400000000000004
Chocolate Croissant,20,Bakery,Pastry,164,615.0,3.75,3.75,3.75,164,5.10594547390058,1.3217561066489505,0.0
Chocolate Croissant,21,Bakery,Pastry,120,450.0,3.75,3.75,3.75,120,4.795790545596741,1.3217561066489505,0.0
Chocolate Croissant,22,Bakery,Pastry,125,468.75,3.75,3.75,3.75,125,4.836281906951478,1.3217561066489505,0.0
Chocolate Croissant,23,Bakery,Pastry,210,792.2,3.7729268292682927,3.75,4.69,205,5.351858133476067,1.327851312590452,0.9400000000000004
Chocolate Croissant,24,Bakery,Pastry,188,705.0,3.75,3.75,3.75,188,5.241747015059643,1.3217561066489505,0.0
Chocolate Croissant,25,Bakery,Pastry,167,626.25,3.75,3.75,3.75,167,5.123963979403259,1.3217561066489505,0.0
Chocolate Croissant,26,Bakery,Pastry,86,322.5,3.75,3.75,3.75,86,4.465908118654584,1.3217561066489505,0.0
Chocolate Croissant,52,Bakery,Pastry,8,30.0,3.75,3.75,3.75,8,2.1972245773362196,1.3217561066489505,0.0
Cranberry Scone,1,Bakery,Scone,46,149.5,3.25,3.25,3.25,45,3.8501476017100584,1.1786553040339065,0.0
Cranberry Scone,2,Bakery,Scone,63,206.37,3.275714285714286,3.25,4.06,63,4.1588830833596715,1.186536253091383,0.8099999999999996
Cranberry Scone,3,Bakery,Scone,59,191.75,3.25,3.25,3.25,59,4.0943445622221,1.1786553040339065,0.0
Cranberry Scone,4,Bakery,Scone,61,198.25,3.25,3.25,3.25,61,4.127134385045092,1.1786553040339065,0.0
Cranberry Scone,5,Bakery,Scone,54,175.5,3.25,3.25,3.25,54,4.007333185232471,1.1786553040339065,0.0
Cranberry Scone,6,Bakery,Scone,56,183.62,3.2800000000000002,3.25,4.06,54,4.04305126783455,1.1878437272740547,0.8099999999999996
Cranberry Scone,7,Bakery,Scone,74,240.5,3.25,3.25,3.25,74,4.31748811353631,1.1786553040339065,0.0
Cranberry Scone,8,Bakery,Scone,66,214.5,3.25,3.25,3.25,66,4.204692619390966,1.1786553040339065,0.0
Cranberry Scone,9,Bakery,Scone,57,185.25,3.25,3.25,3.25,57,4.060443010546419,1.1786553040339065,0.0
Cranberry Scone,10,Bakery,Scone,63,207.99,3.303114754098361,3.25,4.06,61,4.1588830833596715,1.194866190934871,0.8099999999999996
Cranberry Scone,11,Bakery,Scone,66,214.5,3.25,3.25,3.25,66,4.204692619390966,1.1786553040339065,0.0
Cranberry Scone,12,Bakery,Scone,88,286.0,3.25,3.25,3.25,88,4.48863636973214,1.1786553040339065,0.0
Cranberry Scone,13,Bakery,Scone,68,221.81,3.262089552238806,3.25,4.06,67,4.23410650459726,1.1823682635433888,0.8099999999999996
Cranberry Scone,14,Bakery,Scone,93,305.49,3.286,3.25,4.06,90,4.543294782270004,1.1896713239363934,0.8099999999999996
Cranberry Scone,15,Bakery,Scone,97,315.25,3.25,3.25,3.25,97,4.584967478670572,1.1786553040339065,0.0
Cranberry Scone,16,Bakery,Scone,77,250.25,3.25,3.25,3.25,77,4.356708826689592,1.1786553040339065,0.0
Cranberry Scone,17,Bakery,Scone,71,230.75,3.25,3.25,3.25,71,4.276666119016055,1.1786553040339065,0.0
Cranberry Scone,18,Bakery,Scone,100,325.0,3.25,3.25,3.25,100,4.61512051684126,1.1786553040339065,0.0
Cranberry Scone,19,Bakery,Scone,111,364.8,3.2875,3.25,4.06,108,4.718498871295094,1.1901277016863463,0.8099999999999996
Cranberry Scone,20,Bakery,Scone,106,344.5,3.25,3.25,3.25,106,4.672828834461906,1.1786553040339065,0.0
Cranberry Scone,21,Bakery,Scone,114,370.5,3.25,3.25,3.25,114,4.74493212836325,1.1786553040339065,0.0
Cranberry Scone,22,Bakery,Scone,82,267.31,3.2598780487804877,3.25,4.06,82,4.418840607796598,1.1816900930892575,0.8099999999999996
Cranberry Scone,23,Bakery,Scone,111,364.8,3.2875,3.25,4.06,108,4.718498871295094,1.1901277016863463,0.8099999999999996
Cranberry Scone,24,Bakery,Scone,119,386.75,3.25,3.25,3.25,119,4.787491742782046,1.1786553040339065,0.0
Cranberry Scone,25,Bakery,Scone,112,364.0,3.25,3.25,3.25,112,4.727387818712341,1.1786553040339065,0.0
Cranberry Scone,26,Bakery,Scone,75,243.75,3.25,3.25,3.25,75,4.330733340286331,1.1786553040339065,0.0
Cranberry Scone,52,Bakery,Scone,3,9.75,3.25,3.25,3.25,3,1.3862943611198906,1.1786553040339065,0.0
Croissant,1,Bakery,Pastry,41,143.5,3.5,3.5,3.5,39,3.7376696182833684,1.252763254209613,0.0
Croissant,2,Bakery,Pastry,55,194.26,3.532,3.5,4.38,55,4.02535169073515,1.2618645658673813,0.8799999999999999
Croissant,3,Bakery,Pastry,56,196.0,3.5,3.5,3.5,56,4.04305126783455,1.252763254209613,0.0
Croissant,4,Bakery,Pastry,39,136.5,3.5,3.5,3.5,39,3.6888794541139363,1.252763254209613,0.0
Croissant,5,Bakery,Pastry,57,200.38,3.515438596491228,3.5,4.38,57,4.060443010546419,1.2571645804560532,0.8799999999999999
Croissant,6,Bakery,Pastry,60,215.28,3.5894915254237287,3.5,4.38,59,4.110873864173311,1.2780108346875407,0.8799999999999999
Croissant,7,Bakery,Pastry,60,210.0,3.5,3.5,3.5,60,4.110873864173311,1.252763254209613,0.0
Croissant,8,Bakery,Pastry,47,164.5,3.5,3.5,3.5,47,3.871201010907891,1.252763254209613,0.0
Croissant,9,Bakery,Pastry,55,192.5,3.5,3.5,3.5,55,4.02535169073515,1.252763254209613,0.0
Croissant,10,Bakery,Pastry,56,198.64,3.5517647058823525,3.5,4.38,51,4.04305126783455,1.267444861772619,0.8799999999999999
Croissant,11,Bakery,Pastry,87,304.5,3.5,3.5,3.5,87,4.477336814478207,1.252763254209613,0.0
Croissant,12,Bakery,Pastry,60,210.0,3.5,3.5,3.5,60,4.110873864173311,1.252763254209613,0.0
Croissant,13,Bakery,Pastry,56,196.88,3.5157142857142856,3.5,4.38,56,4.04305126783455,1.2572429997848313,0.8799999999999999
Croissant,14,Bakery,Pastry,70,246.76,3.527076923076923,3.5,4.38,65,4.2626798770413155,1.2604697443120796,0.8799999999999999
Croissant,15,Bakery,Pastry,89,311.5,3.5,3.5,3.5,89,4.499809670330265,1.252763254209613,0.0
Croissant,16,Bakery,Pastry,87,304.5,3.5,3.5,3.5,87,4.477336814478207,1.252763254209613,0.0
Croissant,17,Bakery,Pastry,66,231.88,3.513333333333333,3.5,4.38,66,4.204692619390966,1.2565655390750472,0.8799999999999999
Croissant,18,Bakery,Pastry,87,304.5,3.5,3.5,3.5,87,4.477336814478207,1.252763254209613,0.0
Croissant,19,Bakery,Pastry,111,392.9,3.5407407407407407,3.5,4.38,108,4.718498871295094,1.264336236479765,0.8799999999999999
Croissant,20,Bakery,Pastry,111,388.5,3.5,3.5,3.5,111,4.718498871295094,1.252763254209613,0.0
Croissant,21,Bakery,Pastry,82,287.0,3.5,3.5,3.5,82,4.418840607796598,1.252763254209613,0.0
Croissant,22,Bakery,Pastry,99,346.5,3.5,3.5,3.5,99,4.605170185988092,1.252763254209613,0.0
Croissant,23,Bakery,Pastry,108,382.4,3.5427184466019415,3.5,4.38,103,4.6913478822291435,1.264894637481841,0.8799999999999999
Croissant,24,Bakery,Pastry,124,434.0,3.5,3.5,3.5,124,4.8283137373023015,1.252763254209613,0.0
Croissant,25,Bakery,Pastry,113,395.5,3.5,3.5,3.5,113,4.736198448394496,1.252763254209613,0.0
Croissant,26,Bakery,Pastry,66,231.0,3.5,3.5,3.5,66,4.204692619390966,1.252763254209613,0.0
Croissant,52,Bakery,Pastry,12,42.0,3.5,3.5,3.5,12,2.5649493574615367,1.252763254209613,0.0
Ginger Biscotti,1,Bakery,Biscotti,56,196.0,3.5,3.5,3.5,55,4.04305126783455,1.252763254209613,0.0
Ginger Biscotti,2,Bakery,Biscotti,50,175.88,3.5176,3.5,4.38,50,3.9318256327243257,1.2577792231691625,0.8799999999999999
Ginger Biscotti,3,Bakery,Biscotti,61,213.5,3.5,3.5,3.5,60,4.127134385045092,1.252763254209613,0.0
Ginger Biscotti,4,Bakery,Biscotti,36,126.0,3.5,3.5,3.5,36,3.6109179126442243,1.252763254209613,0.0
Ginger Biscotti,5,Bakery,Biscotti,50,175.0,3.5,3.5,3.5,49,3.9318256327243257,1.252763254209613,0.0
Ginger Biscotti,6,Bakery,Biscotti,48,168.0,3.5,3.5,3.5,47,3.8918202981106265,1.252763254209613,0.0
Ginger Biscotti,7,Bakery,Biscotti,51,178.5,3.5,3.5,3.5,51,3.9512437185814275,1.252763254209613,0.0
Ginger Biscotti,8,Bakery,Biscotti,54,189.0,3.5,3.5,3.5,54,4.007333185232471,1.252763254209613,0.0
Ginger Biscotti,9,Bakery,Biscotti,51,178.5,3.5,3.5,3.5,51,3.9512437185814275,1.252763254209613,0.0
Ginger Biscotti,10,Bakery,Biscotti,66,233.64,3.54327868852459,3.5,4.38,61,4.204692619390966,1.2650527639261526,0.8799999999999999
Ginger Biscotti,11,Bakery,Biscotti,61,213.5,3.5,3.5,3.5,61,4.127134385045092,1.252763254209613,0.0
Ginger Biscotti,12,Bakery,Biscotti,55,192.5,3.5,3.5,3.5,55,4.02535169073515,1.252763254209613,0.0
Ginger Biscotti,13,Bakery,Biscotti,69,241.5,3.5,3.5,3.5,69,4.248495242049359,1.252763254209613,0.0
Ginger Biscotti,14,Bakery,Biscotti,77,271.26,3.5241095890410956,3.5,4.38,73,4.356708826689592,1.2596280892617586,0.8799999999999999
Ginger Biscotti,15,Bakery,Biscotti,67,234.5,3.5,3.5,3.5,67,4.219507705176107,1.252763254209613,0.0
Ginger Biscotti,16,Bakery,Biscotti,74,259.0,3.5,3.5,3.5,73,4.31748811353631,1.252763254209613,0.0
Ginger Biscotti,17,Bakery,Biscotti,65,227.5,3.5,3.5,3.5,65,4.189654742026425,1.252763254209613,0.0
Ginger Biscotti,18,Bakery,Biscotti,97,339.5,3.5,3.5,3.5,97,4.584967478670572,1.252763254209613,0.0
Ginger Biscotti,19,Bakery,Biscotti,94,330.76,3.5197752808988763,3.5,4.38,89,4.553876891600541,1.2583974310273827,0.8799999999999999
Ginger Biscotti,20,Bakery,Biscotti,106,371.0,3.5,3.5,3.5,106,4.672828834461906,1.252763254209613,0.0
Ginger Biscotti,21,Bakery,Biscotti,70,245.0,3.5,3.5,3.5,70,4.2626798770413155,1.252763254209613,0.0
Ginger Biscotti,22,Bakery,Biscotti,115,402.5,3.5,3.5,3.5,112,4.7535901911063645,1.252763254209613,0.0
Ginger Biscotti,23,Bakery,Biscotti,96,338.64,3.528085106382979,3.5,4.38,94,4.574710978503383,1.2607555444178484,0.8799999999999999
Ginger Biscotti,24,Bakery,Biscotti,97,339.5,3.5,3.5,3.5,97,4.584967478670572,1.252763254209613,0.0
Ginger Biscotti,25,Bakery,Biscotti,101,353.5,3.5,3.5,3.5,100,4.624972813284271,1.252763254209613,0.0
Ginger Biscotti,26,Bakery,Biscotti,65,228.38,3.5135384615384613,3.5,4.38,65,4.189654742026425,1.256623922991188,0.8799999999999999
Ginger Biscotti,52,Bakery,Biscotti,4,14.0,3.5,3.5,3.5,4,1.6094379124341003,1.252763254209613,0.0
Ginger Scone,1,Bakery,Scone,53,172.25,3.25,3.25,3.25,52,3.9889840465642745,1.1786553040339065,0.0
Ginger Scone,2,Bakery,Scone,47,154.37,3.284468085106383,3.25,4.06,47,3.871201010907891,1.1892050209469476,0.8099999999999996
Ginger Scone,3,Bakery,Scone,83,261.35,3.173076923076923,2.65,3.25,78,4.430816798843313,1.1547020704706188,0.6000000000000001
Ginger Scone,4,Bakery,Scone,92,279.8,3.0938356164383563,2.65,3.25,73,4.532599493153256,1.1294119441755481,0.6000000000000001
Ginger Scone,5,Bakery,Scone,48,154.8,3.225,2.65,3.25,48,3.8918202981106265,1.1709332603252072,0.6000000000000001
Ginger Scone,6,Bakery,Scone,46,151.93,3.302826086956522,3.25,4.06,46,3.8501476017100584,1.1947787947375472,0.8099999999999996
Ginger Scone,7,Bakery,Scone,54,175.5,3.25,3.25,3.25,53,4.007333185232471,1.1786553040339065,0.0
Ginger Scone,8,Bakery,Scone,109,330.25,3.071978021978022,2.65,3.25,91,4.700480365792417,1.1223219864789136,0.6000000000000001
Ginger Scone,9,Bakery,Scone,74,229.1,3.128260869565217,2.65,3.25,69,4.31748811353631,1.140477537070611,0.6000000000000001
Ginger Scone,10,Bakery,Scone,52,169.81,3.2658823529411767,3.25,4.06,51,3.970291913552122,1.1835302783382515,0.8099999999999996
Ginger Scone,11,Bakery,Scone,61,198.25,3.25,3.25,3.25,59,4.127134385045092,1.1786553040339065,0.0
Ginger Scone,12,Bakery,Scone,140,432.2,3.126923076923077,2.65,3.25,117,4.948759890378168,1.1400497983354299,0.6000000000000001
Ginger Scone,13,Bakery,Scone,86,267.71,3.146329113924051,2.65,4.06,79,4.465908118654584,1.146236730448425,1.4099999999999997
Ginger Scone,14,Bakery,Scone,65,211.25,3.25,3.25,3.25,64,4.189654742026425,1.1786553040339065,0.0
Ginger Scone,15,Bakery,Scone,71,230.75,3.25,3.25,3.25,70,4.276666119016055,1.1786553040339065,0.0
Ginger Scone,16,Bakery,Scone,140,437.0,3.164285714285714,2.65,3.25,126,4.948759890378168,1.1519276634628695,0.6000000000000001
Ginger Scone,17,Bakery,Scone,145,440.65,3.0900000000000003,2.65,3.25,120,4.983606621708336,1.1281714145341974,0.6000000000000001
Ginger Scone,18,Bakery,Scone,96,312.0,3.25,3.25,3.25,96,4.574710978503383,1.1786553040339065,0.0
Ginger Scone,19,Bakery,Scone,83,275.42,3.3200000000000003,3.25,4.06,81,4.430816798843313,1.1999650841331713,0.8099999999999996
Ginger Scone,20,Bakery,Scone,135,432.75,3.2133587786259543,2.65,3.25,131,4.912654885736052,1.1673170497833283,0.6000000000000001
Ginger Scone,21,Bakery,Scone,191,587.15,3.109259259259259,2.65,3.25,162,5.2574953720277815,1.1343848391391809,0.6000000000000001
Ginger Scone,22,Bakery,Scone,105,334.26,3.2096969696969695,2.65,4.06,99,4.663439094112067,1.1661768422780605,1.4099999999999997
Ginger Scone,23,Bakery,Scone,98,323.36,3.300625,3.25,4.06,96,4.59511985013459,1.1941121474519365,0.8099999999999996
Ginger Scone,24,Bakery,Scone,118,383.5,3.25,3.25,3.25,117,4.77912349311153,1.1786553040339065,0.0
Ginger Scone,25,Bakery,Scone,205,627.85,3.1042372881355935,2.65,3.25,177,5.327876168789581,1.1327683674593743,0.6000000000000001
Ginger Scone,26,Bakery,Scone,136,415.6,3.114347826086956,2.65,3.25,115,4.919980925828125,1.136020085791672,0.6000000000000001
Ginger Scone,52,Bakery,Scone,7,22.75,3.25,3.25,3.25,7,2.0794415416798357,1.1786553040339065,0.0
Hazelnut Biscotti,1,Bakery,Biscotti,48,156.0,3.25,3.25,3.25,46,3.8918202981106265,1.1786553040339065,0.0
Hazelnut Biscotti,2,Bakery,Biscotti,64,209.62,3.2753125,3.25,4.06,64,4.174387269895637,1.1864135896966912,0.8099999999999996
Hazelnut Biscotti,3,Bakery,Biscotti,56,182.0,3.25,3.25,3.25,56,4.04305126783455,1.1786553040339065,0.0
Hazelnut Biscotti,4,Bakery,Biscotti,48,156.0,3.25,3.25,3.25,48,3.8918202981106265,1.1786553040339065,0.0
Hazelnut Biscotti,5,Bakery,Biscotti,61,198.25,3.25,3.25,3.25,61,4.127134385045092,1.1786553040339065,0.0
Hazelnut Biscotti,6,Bakery,Biscotti,51,167.37,3.2824,3.25,4.06,50,3.9512437185814275,1.1885751668009232,0.8099999999999996
Hazelnut Biscotti,7,Bakery,Biscotti,68,221.0,3.25,3.25,3.25,68,4.23410650459726,1.1786553040339065,0.0
Hazelnut Biscotti,8,Bakery,Biscotti,65,211.25,3.25,3.25,3.25,65,4.189654742026425,1.1786553040339065,0.0
Hazelnut Biscotti,9,Bakery,Biscotti,64,208.0,3.25,3.25,3.25,64,4.174387269895637,1.1786553040339065,0.0
Hazelnut Biscotti,10,Bakery,Biscotti,80,264.05,3.3025974025974025,3.25,4.06,77,4.394449154672439,1.1947095533663223,0.8099999999999996
Hazelnut Biscotti,11,Bakery,Biscotti,76,247.0,3.25,3.25,3.25,76,4.343805421853684,1.1786553040339065,0.0
Hazelnut Biscotti,12,Bakery,Biscotti,61,198.25,3.25,3.25,3.25,61,4.127134385045092,1.1786553040339065,0.0
Hazelnut Biscotti,13,Bakery,Biscotti,61,198.25,3.25,3.25,3.25,61,4.127134385045092,1.1786553040339065,0.0
Hazelnut Biscotti,14,Bakery,Biscotti,66,216.93,3.289193548387097,3.25,4.06,62,4.204692619390966,1.1906427166850093,0.8099999999999996
Hazelnut Biscotti,15,Bakery,Biscotti,80,260.0,3.25,3.25,3.25,80,4.394449154672439,1.1786553040339065,0.0
Hazelnut Biscotti,16,Bakery,Biscotti,77,250.25,3.25,3.25,3.25,77,4.356708826689592,1.1786553040339065,0.0
Hazelnut Biscotti,17,Bakery,Biscotti,72,234.0,3.25,3.25,3.25,72,4.290459441148391,1.1786553040339065,0.0
Hazelnut Biscotti,18,Bakery,Biscotti,102,331.5,3.25,3.25,3.25,102,4.634728988229636,1.1786553040339065,0.0
Hazelnut Biscotti,19,Bakery,Biscotti,115,378.61,3.2933928571428575,3.25,4.06,112,4.7535901911063645,1.191918600597756,0.8099999999999996
Hazelnut Biscotti,20,Bakery,Biscotti,105,341.25,3.25,3.25,3.25,105,4.663439094112067,1.1786553040339065,0.0
Hazelnut Biscotti,21,Bakery,Biscotti,89,289.25,3.25,3.25,3.25,89,4.499809670330265,1.1786553040339065,0.0
Hazelnut Biscotti,22,Bakery,Biscotti,99,321.75,3.25,3.25,3.25,99,4.605170185988092,1.1786553040339065,0.0
Hazelnut Biscotti,23,Bakery,Biscotti,110,359.93,3.273142857142857,3.25,4.06,105,4.709530201312334,1.185750947239635,0.8099999999999996
Hazelnut Biscotti,24,Bakery,Biscotti,125,406.25,3.25,3.25,3.25,125,4.836281906951478,1.1786553040339065,0.0
Hazelnut Biscotti,25,Bakery,Biscotti,118,383.5,3.25,3.25,3.25,118,4.77912349311153,1.1786553040339065,0.0
Hazelnut Biscotti,26,Bakery,Biscotti,60,195.0,3.25,3.25,3.25,59,4.110873864173311,1.1786553040339065,0.0
Hazelnut Biscotti,52,Bakery,Biscotti,7,22.75,3.25,3.25,3.25,7,2.0794415416798357,1.1786553040339065,0.0
I Need My Bean! Diner mug,2,Branded,Housewares,11,132.0,12.0,12.0,12.0,11,2.4849066497880004,2.48490673312133,0.0
I Need My Bean! Diner mug,3,Branded,Housewares,10,131.0,13.1,12.0,23.0,10,2.3978952727983707,2.5726123065429807,11.0
I Need My Bean! Diner mug,4,Branded,Housewares,3,36.0,12.0,12.0,12.0,3,1.3862943611198906,2.48490673312133,0.0
I Need My Bean! Diner mug,5,Branded,Housewares,2,24.0,12.0,12.0,12.0,2,1.0986122886681098,2.48490673312133,0.0
I Need My Bean! Diner mug,6,Branded,Housewares,4,48.0,12.0,12.0,12.0,4,1.6094379124341003,2.48490673312133,0.0
I Need My Bean! Diner mug,7,Branded,Housewares,13,156.0,12.0,12.0,12.0,13,2.6390573296152584,2.48490673312133,0.0
I Need My Bean! Diner mug,8,Branded,Housewares,4,48.0,12.0,12.0,12.0,4,1.6094379124341003,2.48490673312133,0.0
I Need My Bean! Diner mug,9,Branded,Housewares,3,36.0,12.0,12.0,12.0,3,1.3862943611198906,2.48490673312133,0.0
I Need My Bean! Diner mug,10,Branded,Housewares,15,180.0,12.0,12.0,12.0,10,2.772588722239781,2.48490673312133,0.0
I Need My Bean! Diner mug,11,Branded,Housewares,15,180.0,12.0,12.0,12.0,15,2.772588722239781,2.48490673312133,0.0
I Need My Bean! Diner mug,12,Branded,Housewares,5,60.0,12.0,12.0,12.0,5,1.791759469228055,2.48490673312133,0.0
I Need My Bean! Diner mug,13,Branded,Housewares,2,24.0,12.0,12.0,12.0,2,1.0986122886681098,2.48490673312133,0.0
I Need My Bean! Diner mug,14,Branded,Housewares,10,120.0,12.0,12.0,12.0,4,2.3978952727983707,2.48490673312133,0.0
I Need My Bean! Diner mug,15,Branded,Housewares,18,227.0,12.61111111111111,12.0,23.0,18,2.9444389791664403,2.534578338880389,11.0
I Need My Bean! Diner mug,16,Branded,Housewares,13,167.0,12.846153846153847,12.0,23.0,13,2.6390573296152584,2.5530445327995266,11.0
I Need My Bean! Diner mug,17,Branded,Housewares,3,36.0,12.0,12.0,12.0,3,1.3862943611198906,2.48490673312133,0.0
I Need My Bean! Diner mug,19,Branded,Housewares,16,192.0,12.0,12.0,12.0,15,2.833213344056216,2.48490673312133,0.0
I Need My Bean! Diner mug,20,Branded,Housewares,22,275.0,12.5,12.0,23.0,22,3.1354942159291497,2.525728724308252,11.0
I Need My Bean! Diner mug,21,Branded,Housewares,1,12.0,12.0,12.0,12.0,1,0.6931471805599453,2.48490673312133,0.0
I Need My Bean! Diner mug,22,Branded,Housewares,10,120.0,12.0,12.0,12.0,10,2.3978952727983707,2.48490673312133,0.0
I Need My Bean! Diner mug,23,Branded,Housewares,21,252.0,12.0,12.0,12.0,15,3.091042453358316,2.48490673312133,0.0
I Need My Bean! Diner mug,24,Branded,Housewares,25,300.0,12.0,12.0,12.0,25,3.258096538021482,2.48490673312133,0.0
I Need My Bean! Diner mug,25,Branded,Housewares,12,155.0,12.916666666666666,12.0,23.0,12,2.5649493574615367,2.5585185445505982,11.0
I Need My Bean! Diner mug,26,Branded,Housewares,2,24.0,12.0,12.0,12.0,2,1.0986122886681098,2.48490673312133,0.0
I Need My Bean! Latte cup,1,Branded,Housewares,2,28.0,14.0,14.0,14.0,2,1.0986122886681098,2.6390574010438272,0.0
I Need My Bean! Latte cup,2,Branded,Housewares,14,205.0,14.692307692307692,14.0,23.0,13,2.70805020110221,2.687324138647918,9.0
I Need My Bean! Latte cup,3,Branded,Housewares,12,186.0,15.5,14.0,23.0,12,2.5649493574615367,2.740840088441328,9.0
I Need My Bean! Latte cup,4,Branded,Housewares,5,70.0,14.0,14.0,14.0,5,1.791759469228055,2.6390574010438272,0.0
I Need My Bean! Latte cup,5,Branded,Housewares,5,70.0,14.0,14.0,14.0,2,1.791759469228055,2.6390574010438272,0.0
I Need My Bean! Latte cup,6,Branded,Housewares,9,126.0,14.0,14.0,14.0,8,2.302585092994046,2.6390574010438272,0.0
I Need My Bean! Latte cup,7,Branded,Housewares,17,247.0,14.529411764705882,14.0,23.0,17,2.8903717578961645,2.67617506139767,9.0
I Need My Bean! Latte cup,8,Branded,Housewares,7,98.0,14.0,14.0,14.0,7,2.0794415416798357,2.6390574010438272,0.0
I Need My Bean! Latte cup,10,Branded,Housewares,10,140.0,14.0,14.0,14.0,9,2.3978952727983707,2.6390574010438272,0.0
I Need My Bean! Latte cup,11,Branded,Housewares,20,298.0,14.9,14.0,23.0,20,3.044522437723423,2.7013612800655054,9.0
I Need My Bean! Latte cup,12,Branded,Housewares,6,84.0,14.0,14.0,14.0,6,1.9459101490553132,2.6390574010438272,0.0
I Need My Bean! Latte cup,13,Branded,Housewares,2,28.0,14.0,14.0,14.0,2,1.0986122886681098,2.6390574010438272,0.0
I Need My Bean! Latte cup,14,Branded,Housewares,4,56.0,14.0,14.0,14.0,4,1.6094379124341003,2.6390574010438272,0.0
I Need My Bean! Latte cup,15,Branded,Housewares,26,373.0,14.346153846153847,14.0,23.0,26,3.295836866004329,2.663481951327425,9.0
I Need My Bean! Latte cup,16,Branded,Housewares,30,420.0,14.0,14.0,14.0,30,3.4339872044851463,2.6390574010438272,0.0
I Need My Bean! Latte cup,17,Branded,Housewares,6,84.0,14.0,14.0,14.0,6,1.9459101490553132,2.6390574010438272,0.0
I Need My Bean! Latte cup,19,Branded,Housewares,20,298.0,14.9,14.0,23.0,20,3.044522437723423,2.7013612800655054,9.0
I Need My Bean! Latte cup,20,Branded,Housewares,31,434.0,14.0,14.0,14.0,31,3.4657359027997265,2.6390574010438272,0.0
I Need My Bean! Latte cup,21,Branded,Housewares,7,98.0,14.0,14.0,14.0,7,2.0794415416798357,2.6390574010438272,0.0
I Need My Bean! Latte cup,22,Branded,Housewares,3,42.0,14.0,14.0,14.0,3,1.3862943611198906,2.6390574010438272,0.0
I Need My Bean! Latte cup,23,Branded,Housewares,19,266.0,14.0,14.0,14.0,15,2.995732273553991,2.6390574010438272,0.0
I Need My Bean! Latte cup,24,Branded,Housewares,35,499.0,14.257142857142858,14.0,23.0,35,3.58351893845611,2.6572581044023833,9.0
I Need My Bean! Latte cup,25,Branded,Housewares,16,233.0,14.5625,14.0,23.0,16,2.833213344056216,2.6784497999954446,9.0
I Need My Bean! Latte cup,26,Branded,Housewares,9,126.0,14.0,14.0,14.0,8,2.302585092994046,2.6390574010438272,0.0
I Need My Bean! T-shirt,2,Branded,Clothing,11,308.0,28.0,28.0,28.0,11,2.4849066497880004,3.332204545889489,0.0
I Need My Bean! T-shirt,3,Branded,Clothing,16,448.0,28.0,28.0,28.0,16,2.833213344056216,3.332204545889489,0.0
I Need My Bean! T-shirt,4,Branded,Clothing,5,140.0,28.0,28.0,28.0,5,1.791759469228055,3.332204545889489,0.0
I Need My Bean! T-shirt,5,Branded,Clothing,4,112.0,28.0,28.0,28.0,4,1.6094379124341003,3.332204545889489,0.0
I Need My Bean! T-shirt,6,Branded,Clothing,2,56.0,28.0,28.0,28.0,2,1.0986122886681098,3.332204545889489,0.0
I Need My Bean! T-shirt,7,Branded,Clothing,7,196.0,28.0,28.0,28.0,7,2.0794415416798357,3.332204545889489,0.0
I Need My Bean! T-shirt,8,Branded,Clothing,7,196.0,28.0,28.0,28.0,7,2.0794415416798357,3.332204545889489,0.0
I Need My Bean! T-shirt,9,Branded,Clothing,1,28.0,28.0,28.0,28.0,1,0.6931471805599453,3.332204545889489,0.0
I Need My Bean! T-shirt,10,Branded,Clothing,4,112.0,28.0,28.0,28.0,4,1.6094379124341003,3.332204545889489,0.0
I Need My Bean! T-shirt,11,Branded,Clothing,15,415.0,27.666666666666668,23.0,28.0,15,2.772588722239781,3.320228355273066,5.0
I Need My Bean! T-shirt,12,Branded,Clothing,9,252.0,28.0,28.0,28.0,9,2.302585092994046,3.332204545889489,0.0
I Need My Bean! T-shirt,13,Branded,Clothing,1,28.0,28.0,28.0,28.0,1,0.6931471805599453,3.332204545889489,0.0
I Need My Bean! T-shirt,14,Branded,Clothing,3,84.0,28.0,28.0,28.0,3,1.3862943611198906,3.332204545889489,0.0
I Need My Bean! T-shirt,15,Branded,Clothing,14,392.0,28.0,28.0,28.0,14,2.70805020110221,3.332204545889489,0.0
I Need My Bean! T-shirt,16,Branded,Clothing,9,252.0,28.0,28.0,28.0,9,2.302585092994046,3.332204545889489,0.0
I Need My Bean! T-shirt,17,Branded,Clothing,6,168.0,28.0,28.0,28.0,6,1.9459101490553132,3.332204545889489,0.0
I Need My Bean! T-shirt,19,Branded,Clothing,15,415.0,27.666666666666668,23.0,28.0,15,2.772588722239781,3.320228355273066,5.0
I Need My Bean! T-shirt,20,Branded,Clothing,25,695.0,27.8,23.0,28.0,25,3.258096538021482,3.325036056667814,5.0
I Need My Bean! T-shirt,21,Branded,Clothing,8,224.0,28.0,28.0,28.0,8,2.1972245773362196,3.332204545889489,0.0
I Need My Bean! T-shirt,22,Branded,Clothing,3,84.0,28.0,28.0,28.0,3,1.3862943611198906,3.332204545889489,0.0
I Need My Bean! T-shirt,23,Branded,Clothing,7,196.0,28.0,28.0,28.0,7,2.0794415416798357,3.332204545889489,0.0
I Need My Bean! T-shirt,24,Branded,Clothing,23,639.0,27.782608695652176,23.0,28.0,23,3.1780538303479458,3.324410274442125,5.0
I Need My Bean! T-shirt,25,Branded,Clothing,21,583.0,27.761904761904763,23.0,28.0,21,3.091042453358316,3.323664784647652,5.0
I Need My Bean! T-shirt,26,Branded,Clothing,5,140.0,28.0,28.0,28.0,5,1.791759469228055,3.332204545889489,0.0
Jumbo Savory Scone,1,Bakery,Scone,53,198.75,3.75,3.75,3.75,51,3.9889840465642745,1.3217561066489505,0.0
Jumbo Savory Scone,2,Bakery,Scone,53,203.45,3.8386792452830187,3.75,4.69,53,3.9889840465642745,1.34512862140181,0.9400000000000004
Jumbo Savory Scone,3,Bakery,Scone,55,206.25,3.75,3.75,3.75,55,4.02535169073515,1.3217561066489505,0.0
Jumbo Savory Scone,4,Bakery,Scone,57,213.75,3.75,3.75,3.75,57,4.060443010546419,1.3217561066489505,0.0
Jumbo Savory Scone,5,Bakery,Scone,52,195.0,3.75,3.75,3.75,51,3.970291913552122,1.3217561066489505,0.0
Jumbo Savory Scone,6,Bakery,Scone,47,178.13,3.7927272727272725,3.75,4.69,44,3.871201010907891,1.3330856209966784,0.9400000000000004
Jumbo Savory Scone,7,Bakery,Scone,64,240.0,3.75,3.75,3.75,64,4.174387269895637,1.3217561066489505,0.0
Jumbo Savory Scone,8,Bakery,Scone,58,217.5,3.75,3.75,3.75,58,4.07753744390572,1.3217561066489505,0.0
Jumbo Savory Scone,9,Bakery,Scone,58,217.5,3.75,3.75,3.75,58,4.07753744390572,1.3217561066489505,0.0
Jumbo Savory Scone,10,Bakery,Scone,63,239.07,3.7969999999999997,3.75,4.69,60,4.1588830833596715,1.3342115446154457,0.9400000000000004
Jumbo Savory Scone,11,Bakery,Scone,65,243.75,3.75,3.75,3.75,65,4.189654742026425,1.3217561066489505,0.0
Jumbo Savory Scone,12,Bakery,Scone,70,262.5,3.75,3.75,3.75,70,4.2626798770413155,1.3217561066489505,0.0
Jumbo Savory Scone,13,Bakery,Scone,68,255.94,3.7638235294117646,3.75,4.69,68,4.23410650459726,1.3254356025205782,0.9400000000000004
Jumbo Savory Scone,14,Bakery,Scone,79,299.07,3.7871052631578945,3.75,4.69,76,4.382026634673881,1.3316022085095842,0.9400000000000004
Jumbo Savory Scone,15,Bakery,Scone,91,341.25,3.75,3.75,3.75,91,4.5217885770490405,1.3217561066489505,0.0
Jumbo Savory Scone,16,Bakery,Scone,83,311.25,3.75,3.75,3.75,83,4.430816798843313,1.3217561066489505,0.0
Jumbo Savory Scone,17,Bakery,Scone,89,333.75,3.75,3.75,3.75,89,4.499809670330265,1.3217561066489505,0.0
Jumbo Savory Scone,18,Bakery,Scone,93,348.75,3.75,3.75,3.75,93,4.543294782270004,1.3217561066489505,0.0
Jumbo Savory Scone,19,Bakery,Scone,101,381.57,3.7790721649484533,3.75,4.69,97,4.624972813284271,1.3294787851083394,0.9400000000000004
Jumbo Savory Scone,20,Bakery,Scone,117,438.75,3.75,3.75,3.75,117,4.770684624465665,1.3217561066489505,0.0
Jumbo Savory Scone,21,Bakery,Scone,98,367.5,3.75,3.75,3.75,98,4.59511985013459,1.3217561066489505,0.0
Jumbo Savory Scone,22,Bakery,Scone,110,412.5,3.75,3.75,3.75,110,4.709530201312334,1.3217561066489505,0.0
Jumbo Savory Scone,23,Bakery,Scone,92,350.64,3.814090909090909,3.75,4.69,88,4.532599493153256,1.338702604709303,0.9400000000000004
Jumbo Savory Scone,24,Bakery,Scone,124,465.0,3.75,3.75,3.75,124,4.8283137373023015,1.3217561066489505,0.0
Jumbo Savory Scone,25,Bakery,Scone,111,416.25,3.75,3.75,3.75,111,4.718498871295094,1.3217561066489505,0.0
Jumbo Savory Scone,26,Bakery,Scone,70,262.5,3.75,3.75,3.75,70,4.2626798770413155,1.3217561066489505,0.0
Jumbo Savory Scone,52,Bakery,Scone,7,26.25,3.75,3.75,3.75,7,2.0794415416798357,1.3217561066489505,0.0
Organic Decaf Blend,1,Coffee beans,Organic Beans,6,130.5,21.75,12.0,28.0,6,1.9459101490553132,3.0796138035117036,16.0
Organic Decaf Blend,2,Coffee beans,Organic Beans,7,157.5,22.5,22.5,22.5,7,2.0794415416798357,3.113515353654818,0.0
Organic Decaf Blend,3,Coffee beans,Organic Beans,11,247.5,22.5,22.5,22.5,11,2.4849066497880004,3.113515353654818,0.0
Organic Decaf Blend,4,Coffee beans,Organic Beans,2,45.0,22.5,22.5,22.5,2,1.0986122886681098,3.113515353654818,0.0
Organic Decaf Blend,5,Coffee beans,Organic Beans,6,135.5,22.583333333333332,22.5,23.0,6,1.9459101490553132,3.117212215372142,0.5
Organic Decaf Blend,6,Coffee beans,Organic Beans,4,95.5,23.875,22.5,28.0,4,1.6094379124341003,3.1728319282516098,5.5
Organic Decaf Blend,7,Coffee beans,Organic Beans,7,157.5,22.5,22.5,22.5,7,2.0794415416798357,3.113515353654818,0.0
Organic Decaf Blend,8,Coffee beans,Organic Beans,8,180.0,22.5,22.5,22.5,8,2.1972245773362196,3.113515353654818,0.0
Organic Decaf Blend,10,Coffee beans,Organic Beans,7,174.5,24.928571428571427,22.5,28.0,7,2.0794415416798357,3.216014632701781,5.5
Organic Decaf Blend,11,Coffee beans,Organic Beans,10,225.0,22.5,22.5,22.5,10,2.3978952727983707,3.113515353654818,0.0
Organic Decaf Blend,12,Coffee beans,Organic Beans,10,225.0,22.5,22.5,22.5,10,2.3978952727983707,3.113515353654818,0.0
Organic Decaf Blend,13,Coffee beans,Organic Beans,1,22.5,22.5,22.5,22.5,1,0.6931471805599453,3.113515353654818,0.0
Organic Decaf Blend,14,Coffee beans,Organic Beans,9,204.0,22.666666666666668,12.0,28.0,9,2.302585092994046,3.1208954606256434,16.0
Organic Decaf Blend,15,Coffee beans,Organic Beans,11,247.5,22.5,22.5,22.5,11,2.4849066497880004,3.113515353654818,0.0
Organic Decaf Blend,16,Coffee beans,Organic Beans,15,337.5,22.5,22.5,22.5,15,2.772588722239781,3.113515353654818,0.0
Organic Decaf Blend,17,Coffee beans,Organic Beans,3,67.5,22.5,22.5,22.5,3,1.3862943611198906,3.113515353654818,0.0
Organic Decaf Blend,18,Coffee beans,Organic Beans,5,124.0,24.8,12.0,28.0,5,1.791759469228055,3.2108436934935165,16.0
Organic Decaf Blend,19,Coffee beans,Organic Beans,11,247.5,22.5,22.5,22.5,11,2.4849066497880004,3.113515353654818,0.0
Organic Decaf Blend,20,Coffee beans,Organic Beans,16,360.0,22.5,22.5,22.5,16,2.833213344056216,3.113515353654818,0.0
Organic Decaf Blend,21,Coffee beans,Organic Beans,8,180.0,22.5,22.5,22.5,8,2.1972245773362196,3.113515353654818,0.0
Organic Decaf Blend,23,Coffee beans,Organic Beans,12,271.5,22.625,12.0,28.0,12,2.5649493574615367,3.1190555337848838,16.0
Organic Decaf Blend,24,Coffee beans,Organic Beans,21,472.5,22.5,22.5,22.5,21,3.091042453358316,3.113515353654818,0.0
Organic Decaf Blend,25,Coffee beans,Organic Beans,14,315.0,22.5,22.5,22.5,14,2.70805020110221,3.113515353654818,0.0
Organic Decaf Blend,26,Coffee beans,Organic Beans,2,34.5,17.25,12.0,22.5,2,1.0986122886681098,2.8478122014483818,10.5
Ouro Brasileiro shot,1,Coffee,Barista Espresso,70,210.0,3.0,3.0,3.0,46,4.2626798770413155,1.0986126220013874,0.0
Ouro Brasileiro shot,2,Coffee,Barista Espresso,59,174.3,2.9357142857142855,2.1,3.0,42,4.0943445622221,1.0769511325194756,0.8999999999999999
Ouro Brasileiro shot,3,Coffee,Barista Espresso,110,299.4,2.664,2.1,3.0,75,4.709530201312334,0.9798291280534477,0.8999999999999999
Ouro Brasileiro shot,4,Coffee,Barista Espresso,139,351.3,2.4899999999999998,2.1,3.0,90,4.941642422609304,0.9122831120829613,0.8999999999999999
Ouro Brasileiro shot,5,Coffee,Barista Espresso,80,233.7,2.8833333333333333,2.1,3.0,54,4.394449154672439,1.0589473790964274,0.8999999999999999
Ouro Brasileiro shot,6,Coffee,Barista Espresso,44,132.0,3.0,3.0,3.0,31,3.8066624897703196,1.0986126220013874,0.0
Ouro Brasileiro shot,7,Coffee,Barista Espresso,77,213.0,2.694642857142857,2.1,3.0,56,4.356708826689592,0.9912660461452784,0.8999999999999999
Ouro Brasileiro shot,8,Coffee,Barista Espresso,147,378.0,2.5454545454545454,2.1,3.0,99,4.997212273764115,0.9343096302338991,0.8999999999999999
Ouro Brasileiro shot,9,Coffee,Barista Espresso,106,296.4,2.765753424657534,2.1,3.0,73,4.672828834461906,1.0173134457354667,0.8999999999999999
Ouro Brasileiro shot,10,Coffee,Barista Espresso,47,141.0,3.0,3.0,3.0,33,3.871201010907891,1.0986126220013874,0.0
Ouro Brasileiro shot,11,Coffee,Barista Espresso,103,287.4,2.7249999999999996,2.1,3.0,72,4.6443908991413725,1.002468795087617,0.8999999999999999
Ouro Brasileiro shot,12,Coffee,Barista Espresso,151,380.1,2.475,2.1,3.0,96,5.0238805208462765,0.9062408000609762,0.8999999999999999
Ouro Brasileiro shot,13,Coffee,Barista Espresso,147,398.7,2.645454545454545,2.1,3.0,99,4.997212273764115,0.9728432793858776,0.8999999999999999
Ouro Brasileiro shot,14,Coffee,Barista Espresso,87,261.0,3.0,3.0,3.0,58,4.477336814478207,1.0986126220013874,0.0
Ouro Brasileiro shot,15,Coffee,Barista Espresso,73,210.9,2.869090909090909,2.1,3.0,55,4.30406509320417,1.053995571721701,0.8999999999999999
Ouro Brasileiro shot,16,Coffee,Barista Espresso,169,452.1,2.6166666666666667,2.1,3.0,108,5.135798437050262,0.9619016252917395,0.8999999999999999
Ouro Brasileiro shot,17,Coffee,Barista Espresso,183,459.90000000000003,2.4867768595041326,2.1,3.0,121,5.214935757608986,0.9109878401661303,0.8999999999999999
Ouro Brasileiro shot,18,Coffee,Barista Espresso,124,372.0,3.0,3.0,3.0,83,4.8283137373023015,1.0986126220013874,0.0
Ouro Brasileiro shot,19,Coffee,Barista Espresso,73,219.0,3.0,3.0,3.0,52,4.30406509320417,1.0986126220013874,0.0
Ouro Brasileiro shot,20,Coffee,Barista Espresso,190,527.7,2.7133333333333334,2.1,3.0,135,5.25227342804663,0.9981782598966399,0.8999999999999999
Ouro Brasileiro shot,21,Coffee,Barista Espresso,248,629.7,2.4872093023255815,2.1,3.0,172,5.517452896464707,0.9111617218918074,0.8999999999999999
Ouro Brasileiro shot,22,Coffee,Barista Espresso,141,399.6,2.853061224489796,2.1,3.0,98,4.955827057601261,1.0483928821897373,0.8999999999999999
Ouro Brasileiro shot,23,Coffee,Barista Espresso,74,222.0,3.0,3.0,3.0,54,4.31748811353631,1.0986126220013874,0.0
Ouro Brasileiro shot,24,Coffee,Barista Espresso,167,473.1,2.773109243697479,2.1,3.0,119,5.123963979403259,1.0199695219549922,0.8999999999999999
Ouro Brasileiro shot,25,Coffee,Barista Espresso,275,719.7,2.555056179775281,2.1,3.0,178,5.62040086571715,0.938074602965046,0.8999999999999999
Ouro Brasileiro shot,26,Coffee,Barista Espresso,171,439.2,2.557627118644068,2.1,3.0,118,5.147494476813453,0.9390803128554164,0.8999999999999999
Ouro Brasileiro shot,52,Coffee,Barista Espresso,7,21.0,3.0,3.0,3.0,5,2.0794415416798357,1.0986126220013874,0.0
Scottish Cream Scone ,1,Bakery,Scone,52,234.0,4.5,4.5,4.5,49,3.970291913552122,1.5040776189984717,0.0
Scottish Cream Scone ,2,Bakery,Scone,51,231.76,4.544313725490196,4.5,5.63,51,3.9512437185814275,1.5138769407919745,1.13
Scottish Cream Scone ,3,Bakery,Scone,52,234.0,4.5,4.5,4.5,52,3.970291913552122,1.5040776189984717,0.0
Scottish Cream Scone ,4,Bakery,Scone,53,238.5,4.5,4.5,4.5,53,3.9889840465642745,1.5040776189984717,0.0
Scottish Cream Scone ,5,Bakery,Scone,42,189.0,4.5,4.5,4.5,42,3.7612001156935624,1.5040776189984717,0.0
Scottish Cream Scone ,6,Bakery,Scone,67,301.5,4.5,4.5,4.5,64,4.219507705176107,1.5040776189984717,0.0
Scottish Cream Scone ,7,Bakery,Scone,50,225.0,4.5,4.5,4.5,50,3.9318256327243257,1.5040776189984717,0.0
Scottish Cream Scone ,8,Bakery,Scone,44,198.0,4.5,4.5,4.5,44,3.8066624897703196,1.5040776189984717,0.0
Scottish Cream Scone ,9,Bakery,Scone,44,198.0,4.5,4.5,4.5,44,3.8066624897703196,1.5040776189984717,0.0
Scottish Cream Scone ,10,Bakery,Scone,69,312.76,4.535873015873015,4.5,5.63,63,4.248495242049359,1.512017791761303,1.13
Scottish Cream Scone ,11,Bakery,Scone,66,297.0,4.5,4.5,4.5,66,4.204692619390966,1.5040776189984717,0.0
Scottish Cream Scone ,12,Bakery,Scone,57,256.5,4.5,4.5,4.5,57,4.060443010546419,1.5040776189984717,0.0
Scottish Cream Scone ,13,Bakery,Scone,76,342.0,4.5,4.5,4.5,76,4.343805421853684,1.5040776189984717,0.0
Scottish Cream Scone ,14,Bakery,Scone,82,373.52,4.559473684210526,4.5,5.63,76,4.418840607796598,1.5172074160591444,1.13
Scottish Cream Scone ,15,Bakery,Scone,79,355.5,4.5,4.5,4.5,79,4.382026634673881,1.5040776189984717,0.0
Scottish Cream Scone ,16,Bakery,Scone,81,364.5,4.5,4.5,4.5,81,4.406719247264253,1.5040776189984717,0.0
Scottish Cream Scone ,17,Bakery,Scone,89,400.5,4.5,4.5,4.5,89,4.499809670330265,1.5040776189984717,0.0
Scottish Cream Scone ,18,Bakery,Scone,85,382.5,4.5,4.5,4.5,85,4.454347296253507,1.5040776189984717,0.0
Scottish Cream Scone ,19,Bakery,Scone,130,589.52,4.537355371900826,4.5,5.63,121,4.875197323201151,1.5123445455144087,1.13
Scottish Cream Scone ,20,Bakery,Scone,108,486.0,4.5,4.5,4.5,108,4.6913478822291435,1.5040776189984717,0.0
Scottish Cream Scone ,21,Bakery,Scone,90,405.0,4.5,4.5,4.5,90,4.51085950651685,1.5040776189984717,0.0
Scottish Cream Scone ,22,Bakery,Scone,97,436.5,4.5,4.5,4.5,97,4.584967478670572,1.5040776189984717,0.0
Scottish Cream Scone ,23,Bakery,Scone,120,543.39,4.529736842105263,4.5,5.63,114,4.795790545596741,1.5106640663203807,1.13
Scottish Cream Scone ,24,Bakery,Scone,110,495.0,4.5,4.5,4.5,110,4.709530201312334,1.5040776189984717,0.0
Scottish Cream Scone ,25,Bakery,Scone,104,468.0,4.5,4.5,4.5,104,4.653960350157523,1.5040776189984717,0.0
Scottish Cream Scone ,26,Bakery,Scone,81,364.5,4.5,4.5,4.5,81,4.406719247264253,1.5040776189984717,0.0
Scottish Cream Scone ,52,Bakery,Scone,6,27.0,4.5,4.5,4.5,6,1.9459101490553132,1.5040776189984717,0.0
